{"cameraMode":{"drawMode":0,"name":"Shaded","section":"Shading Mode"},"sceneLighting":true,"audioPlay":false,"sceneViewState":{"m_AlwaysRefresh":false,"showFog":true,"showSkybox":true,"showFlares":true,"showImageEffects":true,"showParticleSystems":true,"showVisualEffectGraphs":true,"m_FxEnabled":true},"in2DMode":false,"pivot":{"x":36.430301666259769,"y":22.442859649658204,"z":-1.8557193279266358},"rotation":{"x":0.09366042912006378,"y":0.9063151478767395,"z":-0.29323258996009829,"w":0.28963932394981387},"size":0.38686540722846987,"orthographic":false}